file,year,subject,gender,grade,tokens,types,errors
graphvar/1983_BIO_GK1_01_M_09P.xml,1983,BIO,M,9,1034,441,24
graphvar/1983_BIO_GK1_02_M_05P.xml,1983,BIO,M,5,1129,458,33
graphvar/1983_BIO_GK1_03_W_03P.xml,1983,BIO,W,3,1032,392,37
graphvar/1983_BIO_GK1_04_M_02P.xml,1983,BIO,M,2,1323,449,55
graphvar/1983_BIO_GK1_05_W_05P.xml,1983,BIO,W,5,1087,419,28
graphvar/1983_BIO_GK1_06_M_03P.xml,1983,BIO,M,3,1099,399,64
graphvar/1983_BIO_GK1_07_M_07P.xml,1983,BIO,M,7,1467,509,113
graphvar/1983_BIO_GK1_08_M_05P.xml,1983,BIO,M,5,1334,461,90
graphvar/1983_BIO_LK1_01_M_09P.xml,1983,BIO,M,9,1284,417,42
graphvar/1983_BIO_LK1_02_M_01P.xml,1983,BIO,M,1,1217,454,31
graphvar/1983_BIO_LK1_03_W_05P.xml,1983,BIO,W,5,1493,462,38
graphvar/1983_BIO_LK1_04_M_12P.xml,1983,BIO,M,12,1746,479,83
graphvar/1983_BIO_LK1_05_W_03P.xml,1983,BIO,W,3,1384,434,46
graphvar/1983_BIO_LK1_07_M_03P.xml,1983,BIO,M,3,1176,387,43
graphvar/1983_BIO_LK1_08_M_07P.xml,1983,BIO,M,7,1183,437,31
graphvar/1983_BIO_LK1_09_W_08P.xml,1983,BIO,W,8,2203,572,51
graphvar/1983_BIO_LK1_10_W_05P.xml,1983,BIO,W,5,1371,365,12
graphvar/1983_BIO_LK1_11_M_08P.xml,1983,BIO,M,8,2073,544,27
graphvar/1983_BIO_LK1_12_M_09P.xml,1983,BIO,M,9,1599,466,66
graphvar/1983_BIO_LK1_13_M_07P.xml,1983,BIO,M,7,1600,507,26
graphvar/1983_BIO_LK1_15_M_08P.xml,1983,BIO,M,8,1694,536,31
graphvar/1983_BIO_LK1_16_W_08P.xml,1983,BIO,W,8,1810,550,10
graphvar/1983_BIO_LK1_17_W_07P.xml,1983,BIO,W,7,2022,555,30
graphvar/1983_BIO_LK1_18_W_07P.xml,1983,BIO,W,7,1953,524,34
graphvar/1983_BIO_LK1_19_M_08P.xml,1983,BIO,M,8,1967,512,36
graphvar/1983_BIO_LK1_20_M_04P.xml,1983,BIO,M,4,1137,397,10
graphvar/1983_BIO_LK2_02_M_07P.xml,1983,BIO,M,7,1316,441,56
graphvar/1983_BIO_LK2_03_M_07P.xml,1983,BIO,M,7,1540,450,45
graphvar/1983_BIO_LK2_04_M_07P.xml,1983,BIO,M,7,1274,401,31
graphvar/1983_BIO_LK2_06_W_07P.xml,1983,BIO,W,7,2067,583,60
graphvar/1983_BIO_LK2_07_M_05P.xml,1983,BIO,M,5,1665,477,91
graphvar/1983_BIO_LK2_08_W_09P.xml,1983,BIO,W,9,1683,513,72
graphvar/1983_BIO_LK2_09_W_05P.xml,1983,BIO,W,5,1633,482,74
graphvar/1983_BIO_LK2_10_M_09P.xml,1983,BIO,M,9,2278,535,79
graphvar/1983_BIO_LK2_11_W_03P.xml,1983,BIO,W,3,1489,455,64
graphvar/1983_BIO_LK2_12_W_14P.xml,1983,BIO,W,14,1985,536,54
graphvar/1983_BIO_LK2_13_W_05P.xml,1983,BIO,W,5,1345,401,60
graphvar/1983_BIO_LK2_15_M_08P.xml,1983,BIO,M,8,2028,554,74
graphvar/1983_BIO_LK2_16_M_06P.xml,1983,BIO,M,6,1764,569,74
graphvar/1983_BIO_LK3_01_M_06P.xml,1983,BIO,M,6,1848,555,173
graphvar/1983_BIO_LK3_02_W_07P.xml,1983,BIO,W,7,1197,384,41
graphvar/1983_BIO_LK3_03_M_09P.xml,1983,BIO,M,9,1632,452,81
graphvar/1983_BIO_LK3_04_M_13P.xml,1983,BIO,M,13,1735,537,72
graphvar/1983_BIO_LK3_05_M_13P.xml,1983,BIO,M,13,1415,467,105
graphvar/1983_BIO_LK3_07_M_09P.xml,1983,BIO,M,9,1564,491,53
graphvar/1983_BIO_LK3_08_M_10P.xml,1983,BIO,M,10,1215,364,74
graphvar/1983_BIO_LK3_09_W_10P.xml,1983,BIO,W,10,1857,527,52
graphvar/1983_BIO_LK3_11_W_08P.xml,1983,BIO,W,8,1404,373,38
graphvar/1983_BIO_LK3_12_W_08P.xml,1983,BIO,W,8,1336,395,73
graphvar/1983_BIO_LK3_13_W_08P.xml,1983,BIO,W,8,2180,568,84
graphvar/1983_BIO_LK3_14_M_07P.xml,1983,BIO,M,7,1116,347,55
graphvar/1983_BIO_LK3_15_M_07P.xml,1983,BIO,M,7,1198,382,56
graphvar/1983_BIO_LK3_16_W_06P.xml,1983,BIO,W,6,1035,283,28
graphvar/1983_BIO_LK3_17_W_03P.xml,1983,BIO,W,3,1073,351,43
graphvar/1983_DE_GK1_01_M_09P.xml,1983,DE,M,9,1802,612,22
graphvar/1983_DE_GK1_02_M_04P.xml,1983,DE,M,4,1049,401,14
graphvar/1983_DE_GK1_03_M_06P.xml,1983,DE,M,6,1340,411,12
graphvar/1983_DE_GK1_04_W_08P.xml,1983,DE,W,8,1452,492,36
graphvar/1983_DE_GK1_05_W_05P.xml,1983,DE,W,5,1492,498,12
graphvar/1983_DE_GK1_06_W_11P.xml,1983,DE,W,11,1701,521,10
graphvar/1983_DE_GK1_07_M_06P.xml,1983,DE,M,6,1628,523,44
graphvar/1983_DE_GK1_08_M_07P.xml,1983,DE,M,7,1561,459,12
graphvar/1983_DE_GK1_09_W_04P.xml,1983,DE,W,4,1471,449,40
graphvar/1983_DE_GK1_11_W_08P.xml,1983,DE,W,8,1305,474,26
graphvar/1983_DE_GK1_12_M_08P.xml,1983,DE,M,8,1603,558,9
graphvar/1983_DE_GK1_13_M_05P.xml,1983,DE,M,5,1230,391,14
graphvar/1983_DE_GK1_14_W_10P.xml,1983,DE,W,10,1282,438,4
graphvar/1983_DE_GK1_15_M_10P.xml,1983,DE,M,10,1470,548,22
graphvar/1983_DE_GK2_01_W_10P.xml,1983,DE,W,10,1902,612,42
graphvar/1983_DE_GK2_03_M_06P.xml,1983,DE,M,6,1235,463,18
graphvar/1983_DE_GK2_05_M_07P.xml,1983,DE,M,7,1149,461,12
graphvar/1983_DE_GK2_06_W_06P.xml,1983,DE,W,6,1001,392,23
graphvar/1983_DE_GK2_07_M_06P.xml,1983,DE,M,6,1146,409,8
graphvar/1983_DE_GK2_09_M_11P.xml,1983,DE,M,11,1301,457,4
graphvar/1983_DE_GK2_12_M_04P.xml,1983,DE,M,4,1034,353,21
graphvar/1983_DE_GK2_13_W_07P.xml,1983,DE,W,7,1626,452,26
graphvar/1983_DE_GK3_01_M_05P.xml,1983,DE,M,5,1319,462,15
graphvar/1983_DE_GK4_01_M_03P.xml,1983,DE,M,3,1877,517,14
graphvar/1983_DE_LK1_01_W_06P.xml,1983,DE,W,6,1590,485,54
graphvar/1983_DE_LK1_02_M_07P.xml,1983,DE,M,7,1500,597,59
graphvar/1983_DE_LK1_03_W_07P.xml,1983,DE,W,7,2082,588,32
graphvar/1983_DE_LK1_04_M_10P.xml,1983,DE,M,10,1469,528,27
graphvar/1983_DE_LK1_05_W_09P.xml,1983,DE,W,9,1032,443,31
graphvar/1983_DE_LK1_06_W_08P.xml,1983,DE,W,8,1859,708,79
graphvar/1983_DE_LK1_07_W_08P.xml,1983,DE,W,8,1118,491,24
graphvar/1983_DE_LK1_08_M_10P.xml,1983,DE,M,10,1309,533,20
graphvar/1983_DE_LK1_09_M_05P.xml,1983,DE,M,5,1179,431,56
graphvar/1983_DE_LK1_10_W_06P.xml,1983,DE,W,6,1716,581,49
graphvar/1983_DE_LK1_11_W_06P.xml,1983,DE,W,6,1108,431,44
graphvar/1983_DE_LK1_12_W_07P.xml,1983,DE,W,7,1754,532,66
graphvar/1983_DE_LK1_13_W_11P.xml,1983,DE,W,11,1303,485,24
graphvar/1983_DE_LK1_14_W_09P.xml,1983,DE,W,9,2023,646,20
graphvar/1983_DE_LK1_15_M_08P.xml,1983,DE,M,8,1493,536,30
graphvar/1983_DE_LK1_16_W_11P.xml,1983,DE,W,11,1967,633,29
graphvar/1983_DE_LK1_17_W_08P.xml,1983,DE,W,8,2222,634,68
graphvar/1983_DE_LK1_18_M_13P.xml,1983,DE,M,13,2292,848,42
graphvar/1983_DE_LK1_19_W_09P.xml,1983,DE,W,9,1147,477,24
graphvar/1983_GE_GK1_01_W_11P.xml,1983,GE,W,11,1618,579,6
graphvar/1983_GE_GK1_02_W_08P.xml,1983,GE,W,8,1965,608,20
graphvar/1983_GE_GK1_03_W_04P.xml,1983,GE,W,4,1333,476,36
graphvar/1983_GE_LK1_01_W_09P.xml,1983,GE,W,9,1490,563,12
graphvar/1983_GE_LK1_02_M_07P.xml,1983,GE,M,7,1507,515,31
graphvar/1983_GE_LK1_03_M_10P.xml,1983,GE,M,10,2400,620,13
graphvar/1983_GE_LK1_04_W_03P.xml,1983,GE,W,3,1281,437,12
graphvar/1983_GE_LK1_05_M_04P.xml,1983,GE,M,4,1510,482,17
graphvar/1983_GE_LK1_06_M_01P.xml,1983,GE,M,1,1924,574,42
graphvar/1983_GE_LK1_07_M_06P.xml,1983,GE,M,6,2332,685,50
graphvar/1983_GE_LK1_08_W_05P.xml,1983,GE,W,5,1240,468,21
graphvar/1983_GE_LK1_09_M_07P.xml,1983,GE,M,7,1663,626,58
graphvar/1983_GE_LK1_10_M_06P.xml,1983,GE,M,6,1896,529,8
graphvar/1983_GE_LK1_11_M_07P.xml,1983,GE,M,7,1411,522,26
graphvar/1983_GE_LK1_13_M_05P.xml,1983,GE,M,5,1473,548,19
graphvar/1983_GE_LK1_14_W_07P.xml,1983,GE,W,7,2190,729,35
graphvar/1983_GE_LK2_01_W_02P.xml,1983,GE,W,2,1648,492,9
graphvar/1988_BIO_GK1_01_W_08P.xml,1988,BIO,W,8,1375,390,143
graphvar/1988_BIO_GK1_02_W_07P.xml,1988,BIO,W,7,1279,410,74
graphvar/1988_BIO_GK1_03_M_03P.xml,1988,BIO,M,3,1230,390,125
graphvar/1988_BIO_GK1_06_W_02P.xml,1988,BIO,W,2,1096,364,103
graphvar/1988_BIO_GK1_07_W_05P.xml,1988,BIO,W,5,1095,386,121
graphvar/1988_BIO_GK1_09_W_06P.xml,1988,BIO,W,6,1187,417,182
graphvar/1988_BIO_GK1_10_M_10P.xml,1988,BIO,M,10,1578,464,174
graphvar/1988_BIO_GK1_11_M_10P.xml,1988,BIO,M,10,1234,390,190
graphvar/1988_BIO_GK1_12_W_02P.xml,1988,BIO,W,2,1346,385,135
graphvar/1988_BIO_GK2_01_W_09P.xml,1988,BIO,W,9,2298,553,179
graphvar/1988_BIO_GK2_02_M_07P.xml,1988,BIO,M,7,1171,403,151
graphvar/1988_BIO_GK2_03_W_10P.xml,1988,BIO,W,10,1938,578,189
graphvar/1988_BIO_GK2_04_W_06P.xml,1988,BIO,W,6,1383,468,158
graphvar/1988_BIO_GK2_05_W_03P.xml,1988,BIO,W,3,1566,466,154
graphvar/1988_BIO_GK2_06_W_10P.xml,1988,BIO,W,10,2165,570,208
graphvar/1988_BIO_GK2_07_M_05P.xml,1988,BIO,M,5,1761,503,230
graphvar/1988_BIO_GK2_08_W_06P.xml,1988,BIO,W,6,1715,473,164
graphvar/1988_BIO_GK2_09_W_06P.xml,1988,BIO,W,6,1469,429,141
graphvar/1988_BIO_GK2_10_W_08P.xml,1988,BIO,W,8,1641,509,170
graphvar/1988_BIO_GK2_11_M_08P.xml,1988,BIO,M,8,1574,463,155
graphvar/1988_BIO_GK2_12_M_07P.xml,1988,BIO,M,7,1588,561,144
graphvar/1988_BIO_GK2_13_M_09P.xml,1988,BIO,M,9,1802,533,122
graphvar/1988_BIO_GK2_14_W_08P.xml,1988,BIO,W,8,1718,545,168
graphvar/1988_BIO_GK3_01_W_05P.xml,1988,BIO,W,5,1186,354,131
graphvar/1988_BIO_GK4_01_M_08P.xml,1988,BIO,M,8,1827,525,245
graphvar/1988_BIO_GK4_03_W_05P.xml,1988,BIO,W,5,1186,404,68
graphvar/1988_BIO_LK1_01_M_13P.xml,1988,BIO,M,13,2452,642,231
graphvar/1988_BIO_LK1_03_W_12P.xml,1988,BIO,W,12,1981,513,187
graphvar/1988_BIO_LK1_04_M_05P.xml,1988,BIO,M,5,1286,381,114
graphvar/1988_BIO_LK1_05_W_08P.xml,1988,BIO,W,8,1989,543,250
graphvar/1988_BIO_LK1_06_M_07P.xml,1988,BIO,M,7,2397,582,247
graphvar/1988_BIO_LK1_07_W_07P.xml,1988,BIO,W,7,2190,591,242
graphvar/1988_BIO_LK1_08_W_06P.xml,1988,BIO,W,6,1793,505,161
graphvar/1988_BIO_LK1_09_W_06P.xml,1988,BIO,W,6,1631,488,190
graphvar/1988_BIO_LK1_10_W_06P.xml,1988,BIO,W,6,1415,448,180
graphvar/1988_BIO_LK1_11_M_06P.xml,1988,BIO,M,6,1484,458,159
graphvar/1988_BIO_LK1_12_M_03P.xml,1988,BIO,M,3,1501,481,137
graphvar/1988_BIO_LK1_13_W_03P.xml,1988,BIO,W,3,1353,437,136
graphvar/1988_BIO_LK1_14_M_01P.xml,1988,BIO,M,1,1738,564,215
graphvar/1988_BIO_LK2_02_M_12P.xml,1988,BIO,M,12,2300,670,185
graphvar/1988_BIO_LK2_03_M_09P.xml,1988,BIO,M,9,1932,557,191
graphvar/1988_BIO_LK2_05_M_08P.xml,1988,BIO,M,8,1705,532,190
graphvar/1988_BIO_LK2_06_M_08P.xml,1988,BIO,M,8,1803,524,188
graphvar/1988_BIO_LK2_07_M_07P.xml,1988,BIO,M,7,1547,503,194
graphvar/1988_BIO_LK2_08_W_05P.xml,1988,BIO,W,5,1819,494,183
graphvar/1988_BIO_LK2_09_M_06P.xml,1988,BIO,M,6,2112,529,210
graphvar/1988_BIO_LK2_10_M_06P.xml,1988,BIO,M,6,1789,511,108
graphvar/1988_BIO_LK2_11_W_06P.xml,1988,BIO,W,6,2445,602,230
graphvar/1988_BIO_LK2_12_M_05P.xml,1988,BIO,M,5,2445,607,267
graphvar/1988_BIO_LK2_13_W_05P.xml,1988,BIO,W,5,2361,594,202
graphvar/1988_BIO_LK2_14_W_04P.xml,1988,BIO,W,4,1975,476,196
graphvar/1988_BIO_LK2_15_W_03P.xml,1988,BIO,W,3,1435,411,207
graphvar/1988_BIO_LK3_01_W_08P.xml,1988,BIO,W,8,1947,620,239
graphvar/1988_BIO_LK3_02_M_09P.xml,1988,BIO,M,9,2087,651,220
graphvar/1988_BIO_LK3_03_M_06P.xml,1988,BIO,M,6,1349,421,124
graphvar/1988_BIO_LK3_05_W_06P.xml,1988,BIO,W,6,1841,637,169
graphvar/1988_BIO_LK3_06_M_06P.xml,1988,BIO,M,6,1409,533,117
graphvar/1988_BIO_LK3_07_M_05P.xml,1988,BIO,M,5,1101,417,80
graphvar/1988_BIO_LK3_08_M_04P.xml,1988,BIO,M,4,1487,497,138
graphvar/1988_BIO_LK3_09_M_04P.xml,1988,BIO,M,4,1259,461,159
graphvar/1988_BIO_LK3_10_W_03P.xml,1988,BIO,W,3,2427,644,422
graphvar/1988_DE_GK1_01_M_09P.xml,1988,DE,M,9,1255,476,110
graphvar/1988_DE_GK1_02_W_11P.xml,1988,DE,W,11,1586,561,130
graphvar/1988_DE_GK1_03_W_08P.xml,1988,DE,W,8,2034,658,176
graphvar/1988_DE_GK1_04_M_06P.xml,1988,DE,M,6,1694,570,166
graphvar/1988_DE_GK1_05_M_07P.xml,1988,DE,M,7,2011,595,230
graphvar/1988_DE_GK1_06_W_04P.xml,1988,DE,W,4,1181,407,121
graphvar/1988_DE_GK1_07_W_05P.xml,1988,DE,W,5,1610,508,126
graphvar/1988_DE_GK1_08_M_08P.xml,1988,DE,M,8,1195,406,75
graphvar/1988_DE_GK1_09_M_03P.xml,1988,DE,M,3,2400,666,292
graphvar/1988_DE_GK1_10_M_04P.xml,1988,DE,M,4,1307,474,127
graphvar/1988_DE_GK1_11_M_08P.xml,1988,DE,M,8,1657,495,164
graphvar/1988_DE_GK1_12_M_04P.xml,1988,DE,M,4,1107,433,76
graphvar/1988_DE_GK2_02_M_03P.xml,1988,DE,M,3,1027,401,110
graphvar/1988_DE_GK2_03_M_07P.xml,1988,DE,M,7,1447,497,121
graphvar/1988_DE_GK2_04_M_12P.xml,1988,DE,M,12,1147,398,68
graphvar/1988_DE_GK2_05_M_01P.xml,1988,DE,M,1,1642,488,188
graphvar/1988_DE_GK2_06_M_04P.xml,1988,DE,M,4,1621,398,138
graphvar/1988_DE_GK2_11_M_06P.xml,1988,DE,M,6,1132,333,104
graphvar/1988_DE_LK1_01_W_09P.xml,1988,DE,W,9,2161,561,258
graphvar/1988_DE_LK1_03_M_10P.xml,1988,DE,M,10,1398,400,113
graphvar/1988_DE_LK1_04_W_09P.xml,1988,DE,W,9,1819,634,127
graphvar/1988_DE_LK1_05_W_04P.xml,1988,DE,W,4,1100,294,113
graphvar/1988_DE_LK1_06_W_08P.xml,1988,DE,W,8,1349,461,161
graphvar/1988_DE_LK1_07_W_08P.xml,1988,DE,W,8,1002,368,96
graphvar/1988_GE_GK1_02_M_04P.xml,1988,GE,M,4,1131,493,116
graphvar/1988_GE_GK1_03_W_06P.xml,1988,GE,W,6,1701,561,215
graphvar/1988_GE_GK2_01_W_04P.xml,1988,GE,W,4,1727,512,202
graphvar/1988_GE_GK2_02_M_11P.xml,1988,GE,M,11,1935,642,158
graphvar/1988_GE_GK2_03_W_06P.xml,1988,GE,W,6,1514,536,176
graphvar/1988_GE_GK2_04_W_07P.xml,1988,GE,W,7,1520,475,111
graphvar/1988_GE_GK2_05_W_04P.xml,1988,GE,W,4,1578,549,108
graphvar/1988_GE_GK2_06_W_11P.xml,1988,GE,W,11,2448,719,224
graphvar/1988_GE_GK2_07_M_08P.xml,1988,GE,M,8,1535,530,119
graphvar/1988_GE_GK2_08_M_05P.xml,1988,GE,M,5,1265,556,108
graphvar/1988_GE_GK2_09_M_06P.xml,1988,GE,M,6,1210,447,93
graphvar/1988_GE_GK2_10_M_05P.xml,1988,GE,M,5,1502,475,125
graphvar/1988_GE_GK2_12_M_05P.xml,1988,GE,M,5,1288,469,113
graphvar/1988_GE_LK1_01_W_05P.xml,1988,GE,W,5,2074,624,153
graphvar/1988_GE_LK1_02_W_06P.xml,1988,GE,W,6,1112,408,66
graphvar/1988_GE_LK1_03_M_06P.xml,1988,GE,M,6,1321,494,120
graphvar/1988_GE_LK1_04_M_13P.xml,1988,GE,M,13,1692,474,86
graphvar/1988_GE_LK1_05_M_08P.xml,1988,GE,M,8,2163,691,146
graphvar/1988_GE_LK1_06_W_02P.xml,1988,GE,W,2,1348,461,133
graphvar/1988_GE_LK1_07_W_05P.xml,1988,GE,W,5,2415,543,241
graphvar/1988_GE_LK1_08_M_07P.xml,1988,GE,M,7,1770,574,177
graphvar/1988_GE_LK1_09_W_07P.xml,1988,GE,W,7,1728,639,189
graphvar/1988_GE_LK1_10_M_11P.xml,1988,GE,M,11,2027,630,99
graphvar/1988_GE_LK1_11_W_05P.xml,1988,GE,W,5,1542,497,147
graphvar/1988_GE_LK1_12_M_05P.xml,1988,GE,M,5,1572,504,119
graphvar/1993_BIO_GK1_01_W_06P.xml,1993,BIO,W,6,1391,444,18
graphvar/1993_BIO_GK1_02_M_11P.xml,1993,BIO,M,11,1827,478,31
graphvar/1993_BIO_GK1_03_M_10P.xml,1993,BIO,M,10,1987,512,27
graphvar/1993_BIO_GK1_04_M_12P.xml,1993,BIO,M,12,1479,481,48
graphvar/1993_BIO_GK1_05_W_07P.xml,1993,BIO,W,7,1734,481,25
graphvar/1993_BIO_GK1_06_M_11P.xml,1993,BIO,M,11,2110,587,54
graphvar/1993_BIO_GK1_07_M_04P.xml,1993,BIO,M,4,1356,506,31
graphvar/1993_BIO_GK1_08_W_09P.xml,1993,BIO,W,9,1804,474,37
graphvar/1993_BIO_GK1_09_M_06P.xml,1993,BIO,M,6,2103,595,55
graphvar/1993_BIO_GK1_10_M_08P.xml,1993,BIO,M,8,1468,486,106
graphvar/1993_BIO_LK1_01_M_10P.xml,1993,BIO,M,10,1614,414,22
graphvar/1993_BIO_LK1_02_M_09P.xml,1993,BIO,M,9,1616,474,16
graphvar/1993_BIO_LK1_06_M_05P.xml,1993,BIO,M,5,1837,445,33
graphvar/1993_BIO_LK1_10_M_07P.xml,1993,BIO,M,7,2012,558,60
graphvar/1993_BIO_LK1_11_M_08P.xml,1993,BIO,M,8,1701,444,58
graphvar/1993_BIO_LK2_01_W_11P.xml,1993,BIO,W,11,1762,532,53
graphvar/1993_BIO_LK2_02_M_10P.xml,1993,BIO,M,10,1752,489,30
graphvar/1993_BIO_LK2_03_W_08P.xml,1993,BIO,W,8,1729,539,90
graphvar/1993_BIO_LK2_04_M_08P.xml,1993,BIO,M,8,1888,504,87
graphvar/1993_BIO_LK2_05_M_08P.xml,1993,BIO,M,8,2242,543,219
graphvar/1993_BIO_LK2_06_M_08P.xml,1993,BIO,M,8,1775,545,87
graphvar/1993_BIO_LK2_07_M_05P.xml,1993,BIO,M,5,1494,560,38
graphvar/1993_BIO_LK2_08_M_05P.xml,1993,BIO,M,5,1554,433,90
graphvar/1993_BIO_LK3_01_M_06P.xml,1993,BIO,M,6,2224,605,56
graphvar/1993_DE_GK1_01_M_04P.xml,1993,DE,M,4,1234,437,35
graphvar/1993_DE_GK1_02_W_08P.xml,1993,DE,W,8,1366,553,44
graphvar/1993_DE_GK4_01_M_13P.xml,1993,DE,M,13,1175,398,7
graphvar/1993_DE_LK1_01_M_07P.xml,1993,DE,M,7,1433,610,21
graphvar/1993_DE_LK1_02_M_06P.xml,1993,DE,M,6,1888,555,38
graphvar/1993_DE_LK1_03_W_07P.xml,1993,DE,W,7,1593,543,73
graphvar/1993_DE_LK1_04_W_08P.xml,1993,DE,W,8,1929,625,23
graphvar/1993_DE_LK1_05_M_08P.xml,1993,DE,M,8,2149,643,72
graphvar/1993_DE_LK1_06_W_10P.xml,1993,DE,W,10,2156,665,25
graphvar/1993_DE_LK1_07_M_06P.xml,1993,DE,M,6,1845,556,31
graphvar/1993_DE_LK1_08_W_08P.xml,1993,DE,W,8,2015,645,49
graphvar/1993_DE_LK1_09_M_08P.xml,1993,DE,M,8,1779,558,54
graphvar/1993_DE_LK1_10_W_09P.xml,1993,DE,W,9,2441,642,22
graphvar/1993_DE_LK1_11_W_10P.xml,1993,DE,W,10,1921,626,35
graphvar/1993_DE_LK1_12_M_11P.xml,1993,DE,M,11,1497,591,65
graphvar/1993_DE_LK1_13_M_08P.xml,1993,DE,M,8,2381,691,49
graphvar/1993_DE_LK2_01_W_09P.xml,1993,DE,W,9,2180,686,49
graphvar/1993_DE_LK2_02_W_11P.xml,1993,DE,W,11,2485,702,30
graphvar/1993_DE_LK2_03_M_08P.xml,1993,DE,M,8,1684,527,16
graphvar/1993_DE_LK2_05_W_06P.xml,1993,DE,W,6,2082,591,126
graphvar/1993_DE_LK2_06_M_05P.xml,1993,DE,M,5,2070,659,45
graphvar/1993_GE_GK1_01_M_06P.xml,1993,GE,M,6,1783,504,33
graphvar/1993_GE_GK2_01_M_07P.xml,1993,GE,M,7,1513,474,67
graphvar/1993_GE_GK3_01_M_11P.xml,1993,GE,M,11,1508,438,59
graphvar/1993_GE_GK5_01_M_03P.xml,1993,GE,M,3,1231,409,31
graphvar/1993_GE_GK5_02_M_05P.xml,1993,GE,M,5,1382,461,33
graphvar/1993_GE_GK5_03_M_08P.xml,1993,GE,M,8,1511,481,23
graphvar/1993_GE_GK5_04_M_07P.xml,1993,GE,M,7,1799,596,41
graphvar/1993_GE_LK_01_M_12P.xml,1993,GE,M,12,2463,758,67
graphvar/1993_GE_LK_02_M_10P.xml,1993,GE,M,10,1901,546,52
graphvar/1993_GE_LK_03_M_10P.xml,1993,GE,M,10,2305,711,54
graphvar/1993_GE_LK_05_M_10P.xml,1993,GE,M,10,2367,657,58
graphvar/1993_GE_LK_06_M_09P.xml,1993,GE,M,9,1809,674,105
graphvar/1993_GE_LK_07_M_09P.xml,1993,GE,M,9,1730,621,37
graphvar/1993_GE_LK_08_W_09P.xml,1993,GE,W,9,2494,662,53
graphvar/1993_GE_LK_09_M_07P.xml,1993,GE,M,7,1615,652,28
graphvar/1993_GE_LK_10_W_07P.xml,1993,GE,W,7,1371,474,33
graphvar/1993_GE_LK_11_W_06P.xml,1993,GE,W,6,1521,487,60
graphvar/1993_GE_LK_12_W_05P.xml,1993,GE,W,5,1911,592,76
graphvar/1993_GE_LK_13_M_03P.xml,1993,GE,M,3,1848,570,22
graphvar/1998_BIO_GK1_01_M_10P.xml,1998,BIO,M,10,1225,469,62
graphvar/1998_BIO_GK1_03_M_07P.xml,1998,BIO,M,7,1035,403,71
graphvar/1998_BIO_GK1_04_M_04P.xml,1998,BIO,M,4,1295,453,86
graphvar/1998_BIO_GK1_05_W_07P.xml,1998,BIO,W,7,1252,397,68
graphvar/1998_BIO_GK1_06_W_07P.xml,1998,BIO,W,7,1659,514,142
graphvar/1998_BIO_GK1_07_W_09P.xml,1998,BIO,W,9,1590,467,79
graphvar/1998_BIO_GK1_09_W_03P.xml,1998,BIO,W,3,1304,494,87
graphvar/1998_BIO_GK2_01_W_05P.xml,1998,BIO,W,5,1462,443,96
graphvar/1998_BIO_GK2_02_W_09P.xml,1998,BIO,W,9,1720,546,97
graphvar/1998_BIO_GK2_03_W_07P.xml,1998,BIO,W,7,2158,561,116
graphvar/1998_BIO_GK2_04_W_10P.xml,1998,BIO,W,10,1671,476,125
graphvar/1998_BIO_GK2_05_W_09P.xml,1998,BIO,W,9,1475,514,99
graphvar/1998_BIO_LK1_01_M_05P.xml,1998,BIO,M,5,1357,493,115
graphvar/1998_BIO_LK1_02_M_11P.xml,1998,BIO,M,11,1414,438,96
graphvar/1998_BIO_LK1_03_W_13P.xml,1998,BIO,W,13,1828,528,107
graphvar/1998_BIO_LK1_04_M_12P.xml,1998,BIO,M,12,1542,470,95
graphvar/1998_BIO_LK1_06_W_06P.xml,1998,BIO,W,6,1283,479,81
graphvar/1998_BIO_LK1_07_W_04P.xml,1998,BIO,W,4,1389,441,88
graphvar/1998_BIO_LK1_08_W_06P.xml,1998,BIO,W,6,1724,527,120
graphvar/1998_BIO_LK1_09_M_03P.xml,1998,BIO,M,3,1237,393,75
graphvar/1998_BIO_LK1_10_M_11P.xml,1998,BIO,M,11,1189,435,55
graphvar/1998_BIO_LK1_11_W_10P.xml,1998,BIO,W,10,1415,416,74
graphvar/1998_BIO_LK1_12_M_09P.xml,1998,BIO,M,9,1267,446,107
graphvar/1998_BIO_LK1_14_M_06P.xml,1998,BIO,M,6,1261,429,77
graphvar/1998_BIO_LK2_01_W_07P.xml,1998,BIO,W,7,1923,476,109
graphvar/1998_BIO_LK2_02_W_08P.xml,1998,BIO,W,8,1742,569,90
graphvar/1998_BIO_LK2_03_W_04P.xml,1998,BIO,W,4,2008,538,128
graphvar/1998_BIO_LK2_04_M_10P.xml,1998,BIO,M,10,1565,551,80
graphvar/1998_BIO_LK2_05_M_08P.xml,1998,BIO,M,8,1145,460,74
graphvar/1998_BIO_LK2_06_M_07P.xml,1998,BIO,M,7,1962,566,112
graphvar/1998_BIO_LK2_07_W_02P.xml,1998,BIO,W,2,1859,515,125
graphvar/1998_BIO_LK2_08_M_08P.xml,1998,BIO,M,8,1976,626,81
graphvar/1998_BIO_LK2_09_W_10P.xml,1998,BIO,W,10,1353,407,83
graphvar/1998_BIO_LK2_11_W_12P.xml,1998,BIO,W,12,1845,566,111
graphvar/1998_BIO_LK2_12_W_04P.xml,1998,BIO,W,4,1115,395,85
graphvar/1998_BIO_LK2_13_W_08P.xml,1998,BIO,W,8,1939,504,132
graphvar/1998_BIO_LK2_14_M_15P.xml,1998,BIO,M,15,2290,658,109
graphvar/1998_BIO_LK2_15_W_06P.xml,1998,BIO,W,6,1854,574,96
graphvar/1998_BIO_LK2_16_W_04P.xml,1998,BIO,W,4,1728,439,87
graphvar/1998_BIO_LK2_17_W_10P.xml,1998,BIO,W,10,1630,415,121
graphvar/1998_DE_GK1_01_W_09P.xml,1998,DE,W,9,1895,540,141
graphvar/1998_DE_GK1_02_M_09P.xml,1998,DE,M,9,1490,514,60
graphvar/1998_DE_GK1_03_W_05P.xml,1998,DE,W,5,1695,423,91
graphvar/1998_DE_GK1_04_W_07P.xml,1998,DE,W,7,2122,526,133
graphvar/1998_DE_GK1_05_W_05P.xml,1998,DE,W,5,1603,465,118
graphvar/1998_DE_GK1_06_W_04P.xml,1998,DE,W,4,1120,383,66
graphvar/1998_DE_GK1_07_M_03P.xml,1998,DE,M,3,1360,372,107
graphvar/1998_DE_GK2_01_W_08P.xml,1998,DE,W,8,1293,408,79
graphvar/1998_DE_GK2_02_W_06P.xml,1998,DE,W,6,1178,378,89
graphvar/1998_DE_GK2_03_W_05P.xml,1998,DE,W,5,1349,384,91
graphvar/1998_DE_GK3_01_W_05P.xml,1998,DE,W,5,2081,547,147
graphvar/1998_DE_GK3_02_W_08P.xml,1998,DE,W,8,2230,599,132
graphvar/1998_DE_GK3_03_W_05P.xml,1998,DE,W,5,2106,542,141
graphvar/1998_DE_GK3_04_W_10P.xml,1998,DE,W,10,2030,587,149
graphvar/1998_DE_GK3_05_W_06P.xml,1998,DE,W,6,1850,451,119
graphvar/1998_DE_GK3_06_W_07P.xml,1998,DE,W,7,2203,633,160
graphvar/1998_DE_GK3_07_W_02P.xml,1998,DE,W,2,1640,494,123
graphvar/1998_DE_GK3_09_W_12P.xml,1998,DE,W,12,1701,578,80
graphvar/1998_DE_GK3_10_W_11P.xml,1998,DE,W,11,1931,635,101
graphvar/1998_DE_GK3_11_M_06P.xml,1998,DE,M,6,1237,377,88
graphvar/1998_DE_LK1_01_W_05P.xml,1998,DE,W,5,2130,608,121
graphvar/1998_DE_LK1_03_W_12P.xml,1998,DE,W,12,2132,671,139
graphvar/1998_DE_LK1_04_W_09P.xml,1998,DE,W,9,1844,572,91
graphvar/1998_DE_LK1_05_W_09P.xml,1998,DE,W,9,2154,694,124
graphvar/1998_DE_LK1_06_M_08P.xml,1998,DE,M,8,1489,531,70
graphvar/1998_DE_LK1_07_W_06P.xml,1998,DE,W,6,2028,669,103
graphvar/1998_DE_LK1_08_W_06P.xml,1998,DE,W,6,1756,608,84
graphvar/1998_DE_LK1_09_W_06P.xml,1998,DE,W,6,1400,428,87
graphvar/1998_DE_LK1_10_W_06P.xml,1998,DE,W,6,1593,467,116
graphvar/1998_DE_LK1_11_W_05P.xml,1998,DE,W,5,1206,469,46
graphvar/1998_DE_LK1_12_W_05P.xml,1998,DE,W,5,1453,461,95
graphvar/1998_DE_LK1_13_W_05P.xml,1998,DE,W,5,1534,540,69
graphvar/1998_GE_LK1_01_M_11P.xml,1998,GE,M,11,1364,487,81
graphvar/1998_GE_LK1_02_M_11P.xml,1998,GE,M,11,1201,457,47
graphvar/1998_GE_LK1_03_M_08P.xml,1998,GE,M,8,1636,530,85
graphvar/1998_GE_LK1_04_M_07P.xml,1998,GE,M,7,1451,484,77
graphvar/1998_GE_LK1_05_M_07P.xml,1998,GE,M,7,1316,508,60
graphvar/1998_GE_LK1_06_M_03P.xml,1998,GE,M,3,1386,429,62
graphvar/1998_GE_LK1_07_M_06P.xml,1998,GE,M,6,1278,446,66
graphvar/1998_GE_LK1_08_W_10P.xml,1998,GE,W,10,1894,627,86
graphvar/1998_GE_LK1_09_M_09P.xml,1998,GE,M,9,1924,595,73
graphvar/1998_GE_LK1_10_W_08P.xml,1998,GE,W,8,1700,483,69
graphvar/1998_GE_LK1_11_W_06P.xml,1998,GE,W,6,1516,530,85
graphvar/1998_GE_LK1_12_W_08P.xml,1998,GE,W,8,1784,567,83
graphvar/1998_GE_LK1_13_M_05P.xml,1998,GE,M,5,1288,448,78
graphvar/1998_GE_LK1_14_W_05P.xml,1998,GE,W,5,1643,616,72
graphvar/2003_BIO_GK1_01_X_10P.xml,2003,BIO,X,10,1866,549,139
graphvar/2003_BIO_GK1_02_X_08P.xml,2003,BIO,X,8,1624,547,87
graphvar/2003_BIO_GK1_03_X_07P.xml,2003,BIO,X,7,1595,481,107
graphvar/2003_BIO_GK1_04_X_10P.xml,2003,BIO,X,10,1399,499,100
graphvar/2003_BIO_GK1_05_X_02P.xml,2003,BIO,X,2,1357,464,94
graphvar/2003_BIO_GK1_06_X_02P.xml,2003,BIO,X,2,1562,457,86
graphvar/2003_BIO_GK1_07_X_06P.xml,2003,BIO,X,6,2004,596,140
graphvar/2003_BIO_GK1_08_X_08P.xml,2003,BIO,X,8,2473,604,205
graphvar/2003_BIO_GK1_09_X_04P.xml,2003,BIO,X,4,1126,445,73
graphvar/2003_BIO_GK1_10_X_02P.xml,2003,BIO,X,2,1061,392,48
graphvar/2003_BIO_GK1_11_X_12P.xml,2003,BIO,X,12,1099,386,70
graphvar/2003_BIO_LK1_01_X_08P.xml,2003,BIO,X,8,1515,469,103
graphvar/2003_BIO_LK1_02_X_10P.xml,2003,BIO,X,10,2269,569,122
graphvar/2003_BIO_LK1_03_X_08P.xml,2003,BIO,X,8,2354,636,123
graphvar/2003_BIO_LK1_04_X_08P.xml,2003,BIO,X,8,1880,430,114
graphvar/2003_BIO_LK1_06_X_07P.xml,2003,BIO,X,7,1937,472,95
graphvar/2003_BIO_LK1_07_X_11P.xml,2003,BIO,X,11,2386,684,114
graphvar/2003_BIO_LK1_08_X_11P.xml,2003,BIO,X,11,2230,593,141
graphvar/2003_BIO_LK1_09_X_09P.xml,2003,BIO,X,9,1632,469,107
graphvar/2003_BIO_LK1_10_X_09P.xml,2003,BIO,X,9,2335,593,123
graphvar/2003_BIO_LK1_12_X_07P.xml,2003,BIO,X,7,1336,457,55
graphvar/2003_DE_GK1_01_M_10P.xml,2003,DE,M,10,1297,508,66
graphvar/2003_DE_GK2_01_M_06P.xml,2003,DE,M,6,1350,460,65
graphvar/2003_DE_GK3_02_W_09P.xml,2003,DE,W,9,1352,450,96
graphvar/2003_DE_GK4_01_W_05P.xml,2003,DE,W,5,1634,444,82
graphvar/2003_DE_GK4_02_M_09P.xml,2003,DE,M,9,1538,554,90
graphvar/2003_DE_GK4_03_W_12P.xml,2003,DE,W,12,1552,485,86
graphvar/2003_DE_GK4_04_W_08P.xml,2003,DE,W,8,1833,636,93
graphvar/2003_DE_LK1_01_W_08P.xml,2003,DE,W,8,1167,363,65
graphvar/2003_DE_LK1_02_W_08P.xml,2003,DE,W,8,2372,574,144
graphvar/2003_DE_LK1_03_M_07P.xml,2003,DE,M,7,1970,596,129
graphvar/2003_DE_LK1_04_M_08P.xml,2003,DE,M,8,1177,468,82
graphvar/2003_DE_LK1_05_M_04P.xml,2003,DE,M,4,1245,430,75
graphvar/2003_DE_LK1_06_W_12P.xml,2003,DE,W,12,1645,521,110
graphvar/2003_DE_LK1_07_M_08P.xml,2003,DE,M,8,1454,491,66
graphvar/2003_DE_LK1_08_M_09P.xml,2003,DE,M,9,1341,512,90
graphvar/2003_DE_LK1_09_W_12P.xml,2003,DE,W,12,1843,556,99
graphvar/2003_DE_LK1_10_W_08P.xml,2003,DE,W,8,1515,483,72
graphvar/2003_DE_LK1_11_M_05P.xml,2003,DE,M,5,1815,518,118
graphvar/2003_DE_LK1_13_M_04P.xml,2003,DE,M,4,1386,408,88
graphvar/2003_DE_LK1_14_W_05P.xml,2003,DE,W,5,1755,519,81
graphvar/2003_DE_LK1_15_W_10P.xml,2003,DE,W,10,1951,493,102
graphvar/2003_DE_LK1_16_M_10P.xml,2003,DE,M,10,1481,573,69
graphvar/2003_GE_GK1_01_M_05P.xml,2003,GE,M,5,1672,544,92
graphvar/2003_GE_GK1_02_M_07P.xml,2003,GE,M,7,1555,531,99
graphvar/2003_GE_GK1_03_W_07P.xml,2003,GE,W,7,1643,536,76
graphvar/2003_GE_LK1_01_M_12P.xml,2003,GE,M,12,1842,689,114
graphvar/2003_GE_LK1_02_W_13P.xml,2003,GE,W,13,1956,610,139
graphvar/2003_GE_LK1_03_M_04P.xml,2003,GE,M,4,1606,525,92
graphvar/2003_GE_LK1_04_M_07P.xml,2003,GE,M,7,1960,588,95
graphvar/2003_GE_LK1_05_M_06P.xml,2003,GE,M,6,2270,733,116
graphvar/2003_GE_LK1_06_W_03P.xml,2003,GE,W,3,1698,530,95
graphvar/2003_GE_LK1_07_M_05P.xml,2003,GE,M,5,1346,431,76
graphvar/2003_GE_LK1_08_W_04P.xml,2003,GE,W,4,1200,432,56
graphvar/2003_GE_LK1_09_W_07P.xml,2003,GE,W,7,1859,629,124
graphvar/2003_GE_LK1_10_W_04P.xml,2003,GE,W,4,1172,404,74
graphvar/2003_GE_LK1_11_M_08P.xml,2003,GE,M,8,1028,467,58
graphvar/2003_GE_LK1_12_W_07P.xml,2003,GE,W,7,1842,553,114
graphvar/2003_GE_LK1_13_M_09P.xml,2003,GE,M,9,1635,615,75
graphvar/2003_GE_LK1_14_M_07P.xml,2003,GE,M,7,1402,598,64
graphvar/2003_GE_LK1_15_W_07P.xml,2003,GE,W,7,1811,632,95
graphvar/2003_GE_LK1_16_W_05P.xml,2003,GE,W,5,1788,453,82
graphvar/2003_GE_LK1_17_M_05P.xml,2003,GE,M,5,1127,466,40
graphvar/2003_GE_LK1_18_W_04P.xml,2003,GE,W,4,2302,536,141
graphvar/2003_GE_LK1_19_M_05P.xml,2003,GE,M,5,1150,476,52
graphvar/2008_BIO_GK1_01_W_10P.xml,2008,BIO,W,10,2086,598,49
graphvar/2008_BIO_GK1_02_W_13P.xml,2008,BIO,W,13,2450,652,63
graphvar/2008_BIO_GK1_03_W_09P.xml,2008,BIO,W,9,1693,503,37
graphvar/2008_BIO_GK1_04_W_09P.xml,2008,BIO,W,9,1880,571,33
graphvar/2008_BIO_GK1_05_M_11P.xml,2008,BIO,M,11,1406,525,43
graphvar/2008_BIO_GK1_06_W_12P.xml,2008,BIO,W,12,2090,623,44
graphvar/2008_BIO_GK1_09_W_08P.xml,2008,BIO,W,8,1438,443,79
graphvar/2008_BIO_GK1_10_W_09P.xml,2008,BIO,W,9,2404,658,92
graphvar/2008_BIO_GK1_11_W_06P.xml,2008,BIO,W,6,1655,509,41
graphvar/2008_BIO_LK1_01_W_02P.xml,2008,BIO,W,2,1974,581,134
graphvar/2008_BIO_LK2_02_M_07P.xml,2008,BIO,M,7,1352,456,13
graphvar/2008_BIO_LK2_06_M_09P.xml,2008,BIO,M,9,2296,585,59
graphvar/2008_BIO_LK2_07_M_12P.xml,2008,BIO,M,12,2306,659,80
graphvar/2008_BIO_LK2_08_W_05P.xml,2008,BIO,W,5,1685,507,18
graphvar/2008_BIO_LK2_09_M_01P.xml,2008,BIO,M,1,1421,474,87
graphvar/2008_BIO_LK2_10_W_02P.xml,2008,BIO,W,2,2021,567,44
graphvar/2008_BIO_LK2_12_M_08P.xml,2008,BIO,M,8,2119,604,36
graphvar/2008_BIO_LK2_13_W_07P.xml,2008,BIO,W,7,2364,703,100
graphvar/2008_BIO_LK2_14_M_12P.xml,2008,BIO,M,12,2188,690,32
graphvar/2008_BIO_LK2_15_M_08P.xml,2008,BIO,M,8,1933,574,86
graphvar/2008_BIO_LK2_16_W_07P.xml,2008,BIO,W,7,2055,659,207
graphvar/2008_DE_GK1_01_W_07P.xml,2008,DE,W,7,1100,364,25
graphvar/2008_DE_GK2_01_M_11P.xml,2008,DE,M,11,1673,600,86
graphvar/2008_DE_GK2_02_W_11P.xml,2008,DE,W,11,1420,526,69
graphvar/2008_DE_GK2_04_W_08P.xml,2008,DE,W,8,1448,464,43
graphvar/2008_DE_GK2_05_W_05P.xml,2008,DE,W,5,1171,428,114
graphvar/2008_DE_GK3_01_M_02P.xml,2008,DE,M,2,1407,513,78
graphvar/2008_DE_LK1_01_W_06P.xml,2008,DE,W,6,1583,497,30
graphvar/2008_DE_LK1_02_W_09P.xml,2008,DE,W,9,1586,533,43
graphvar/2008_DE_LK1_03_W_10P.xml,2008,DE,W,10,1697,503,49
graphvar/2008_DE_LK1_04_W_05P.xml,2008,DE,W,5,1509,442,44
graphvar/2008_DE_LK1_05_W_13P.xml,2008,DE,W,13,1891,571,32
graphvar/2008_DE_LK1_06_M_09P.xml,2008,DE,M,9,1298,484,72
graphvar/2008_DE_LK1_07_M_05P.xml,2008,DE,M,5,1265,427,60
graphvar/2008_DE_LK1_09_W_08P.xml,2008,DE,W,8,2181,596,100
graphvar/2008_DE_LK1_10_W_05P.xml,2008,DE,W,5,1728,570,33
graphvar/2008_DE_LK1_11_W_04P.xml,2008,DE,W,4,1456,514,51
graphvar/2008_DE_LK1_12_W_05P.xml,2008,DE,W,5,1477,414,39
graphvar/2008_DE_LK1_13_W_04P.xml,2008,DE,W,4,1943,591,71
graphvar/2008_DE_LK1_14_W_06P.xml,2008,DE,W,6,1699,461,47
graphvar/2008_DE_LK1_15_W_07P.xml,2008,DE,W,7,1015,378,17
graphvar/2008_DE_LK1_16_W_08P.xml,2008,DE,W,8,1768,553,49
graphvar/2008_DE_LK1_17_W_10P.xml,2008,DE,W,10,2150,653,52
graphvar/2008_DE_LK1_18_W_10P.xml,2008,DE,W,10,1814,637,77
graphvar/2008_DE_LK1_19_W_10P.xml,2008,DE,W,10,1540,551,82
graphvar/2008_DE_LK1_20_W_11P.xml,2008,DE,W,11,2057,636,94
graphvar/2008_DE_LK1_21_W_09P.xml,2008,DE,W,9,1838,697,48
graphvar/2008_DE_LK1_22_W_10P.xml,2008,DE,W,10,1310,451,71
graphvar/2008_DE_LK1_23_W_12P.xml,2008,DE,W,12,1864,653,57
graphvar/2008_DE_LK2_01_W_06P.xml,2008,DE,W,6,2193,658,141
graphvar/2008_DE_LK2_02_W_07P.xml,2008,DE,W,7,1619,479,52
graphvar/2008_DE_LK2_03_M_12P.xml,2008,DE,M,12,1558,608,36
graphvar/2008_DE_LK2_05_W_08P.xml,2008,DE,W,8,2428,646,77
graphvar/2008_DE_LK2_06_M_08P.xml,2008,DE,M,8,2136,658,85
graphvar/2008_DE_LK2_07_W_05P.xml,2008,DE,W,5,1629,577,90
graphvar/2008_DE_LK2_08_W_09P.xml,2008,DE,W,9,2075,635,71
graphvar/2008_DE_LK2_09_M_07P.xml,2008,DE,M,7,1204,457,33
graphvar/2008_DE_LK2_10_M_07P.xml,2008,DE,M,7,1438,509,46
graphvar/2008_DE_LK2_12_W_03P.xml,2008,DE,W,3,1358,431,54
graphvar/2008_DE_LK2_13_W_06P.xml,2008,DE,W,6,2107,612,72
graphvar/2008_DE_LK2_14_W_11P.xml,2008,DE,W,11,1658,561,90
graphvar/2008_DE_LK2_15_W_05P.xml,2008,DE,W,5,1972,636,116
graphvar/2008_DE_LK2_18_W_10P.xml,2008,DE,W,10,1452,444,28
graphvar/2008_DE_LK2_20_W_08P.xml,2008,DE,W,8,1469,539,33
graphvar/2008_DE_LK2_21_W_08P.xml,2008,DE,W,8,1643,459,31
graphvar/2008_DE_LK2_22_W_09P.xml,2008,DE,W,9,2289,637,63
graphvar/2008_GE_GK1_01_09P.xml,2008,GE,NA,9,1868,676,79
graphvar/2008_GE_GK1_02_10P.xml,2008,GE,NA,10,1248,536,28
graphvar/2008_GE_LK1_01_07P.xml,2008,GE,NA,7,1862,567,74
graphvar/2008_GE_LK1_02_07P.xml,2008,GE,NA,7,1487,519,51
graphvar/2008_GE_LK1_03_07P.xml,2008,GE,NA,7,1487,460,27
graphvar/2008_GE_LK1_04_10P.xml,2008,GE,NA,10,1908,583,101
graphvar/2008_GE_LK1_05_08P.xml,2008,GE,NA,8,1871,669,67
graphvar/2008_GE_LK1_06_06P.xml,2008,GE,NA,6,1591,519,123
graphvar/2008_GE_LK1_09_10P.xml,2008,GE,NA,10,1242,442,26
graphvar/2008_GE_LK1_10_07P.xml,2008,GE,NA,7,1240,486,34
graphvar/2008_GE_LK1_11_04P.xml,2008,GE,NA,4,1665,587,106
graphvar/2008_GE_LK1_12_05P.xml,2008,GE,NA,5,1734,586,97
graphvar/2008_GE_LK1_13_13P.xml,2008,GE,NA,13,1841,590,82
graphvar/2008_GE_LK1_14_06P.xml,2008,GE,NA,6,2027,602,55
graphvar/2008_GE_LK1_15_10P.xml,2008,GE,NA,10,2234,770,82
graphvar/2008_GE_LK1_16_05P.xml,2008,GE,NA,5,1195,428,45
graphvar/2008_GE_LK1_17_06P.xml,2008,GE,NA,6,1732,549,74
graphvar/2013_BIO_GK1_01_M_01P.xml,2013,BIO,M,1,1267,350,96
graphvar/2013_BIO_GK1_02_M_05P.xml,2013,BIO,M,5,1488,516,140
graphvar/2013_BIO_GK1_03_M_10P.xml,2013,BIO,M,10,1685,535,110
graphvar/2013_BIO_GK1_05_W_08P.xml,2013,BIO,W,8,1758,546,105
graphvar/2013_BIO_GK1_06_W_08P.xml,2013,BIO,W,8,1623,469,107
graphvar/2013_BIO_GK1_07_W_06P.xml,2013,BIO,W,6,1561,488,124
graphvar/2013_BIO_GK1_08_W_08P.xml,2013,BIO,W,8,1613,488,109
graphvar/2013_BIO_GK1_09_W_09P.xml,2013,BIO,W,9,1893,530,142
graphvar/2013_BIO_GK1_10_W_07P.xml,2013,BIO,W,7,1115,375,87
graphvar/2013_BIO_GK1_11_W_11P.xml,2013,BIO,W,11,1840,522,138
graphvar/2013_BIO_GK1_12_W_06P.xml,2013,BIO,W,6,1422,476,82
graphvar/2013_BIO_GK2_01_W_04P.xml,2013,BIO,W,4,1367,433,106
graphvar/2013_BIO_GK2_03_M_08P.xml,2013,BIO,M,8,1227,376,91
graphvar/2013_BIO_GK2_04_W_10P.xml,2013,BIO,W,10,1977,516,202
graphvar/2013_BIO_GK2_05_W_07P.xml,2013,BIO,W,7,1613,475,165
graphvar/2013_BIO_GK2_06_W_13P.xml,2013,BIO,W,13,2375,654,134
graphvar/2013_BIO_GK2_07_M_05P.xml,2013,BIO,M,5,1482,439,109
graphvar/2013_BIO_GK2_08_W_09P.xml,2013,BIO,W,9,1954,555,134
graphvar/2013_BIO_GK2_09_W_09P.xml,2013,BIO,W,9,1524,449,124
graphvar/2013_BIO_GK2_10_W_08P.xml,2013,BIO,W,8,1879,537,131
graphvar/2013_BIO_GK2_11_M_04P.xml,2013,BIO,M,4,1658,580,92
graphvar/2013_BIO_GK2_12_W_01P.xml,2013,BIO,W,1,1090,372,80
graphvar/2013_BIO_GK2_13_W_04P.xml,2013,BIO,W,4,1577,491,130
graphvar/2013_BIO_GK2_14_W_08P.xml,2013,BIO,W,8,1608,500,124
graphvar/2013_BIO_GK2_15_W_04P.xml,2013,BIO,W,4,1824,408,102
graphvar/2013_BIO_GK3_01_M_04P.xml,2013,BIO,M,4,1335,403,96
graphvar/2013_BIO_GK3_02_M_12P.xml,2013,BIO,M,12,1668,547,140
graphvar/2013_BIO_GK3_03_W_10P.xml,2013,BIO,W,10,1803,595,273
graphvar/2013_BIO_GK3_04_W_10P.xml,2013,BIO,W,10,1647,545,71
graphvar/2013_BIO_GK3_05_W_09P.xml,2013,BIO,W,9,1453,472,161
graphvar/2013_BIO_GK3_06_W_08P.xml,2013,BIO,W,8,1120,383,136
graphvar/2013_BIO_GK3_07_M_08P.xml,2013,BIO,M,8,1213,411,137
graphvar/2013_BIO_GK3_08_W_06P.xml,2013,BIO,W,6,1288,458,108
graphvar/2013_BIO_GK3_09_W_06P.xml,2013,BIO,W,6,1546,458,184
graphvar/2013_BIO_GK3_10_W_05P.xml,2013,BIO,W,5,1366,446,68
graphvar/2013_BIO_GK3_11_M_05P.xml,2013,BIO,M,5,1354,427,156
graphvar/2013_BIO_GK3_12_W_04P.xml,2013,BIO,W,4,1199,401,122
graphvar/2013_BIO_GK4_01_M_11P.xml,2013,BIO,M,11,1933,497,258
graphvar/2013_BIO_GK4_02_W_02P.xml,2013,BIO,W,2,1429,460,155
graphvar/2013_BIO_GK4_03_W_06P.xml,2013,BIO,W,6,1374,454,123
graphvar/2013_BIO_GK4_04_W_12P.xml,2013,BIO,W,12,1505,503,109
graphvar/2013_BIO_GK4_05_W_09P.xml,2013,BIO,W,9,1508,523,112
graphvar/2013_BIO_GK4_07_W_10P.xml,2013,BIO,W,10,1621,484,190
graphvar/2013_BIO_GK4_08_M_07P.xml,2013,BIO,M,7,1578,484,168
graphvar/2013_BIO_GK4_09_W_06P.xml,2013,BIO,W,6,1504,500,170
graphvar/2013_BIO_GK4_10_W_02P.xml,2013,BIO,W,2,1066,351,61
graphvar/2013_BIO_GK4_11_W_05P.xml,2013,BIO,W,5,1207,389,168
graphvar/2013_BIO_LK1_02_M_10P.xml,2013,BIO,M,10,1671,529,204
graphvar/2013_BIO_LK1_03_M_10P.xml,2013,BIO,M,10,2071,586,213
graphvar/2013_BIO_LK1_04_W_08P.xml,2013,BIO,W,8,1222,452,102
graphvar/2013_BIO_LK1_05_W_10P.xml,2013,BIO,W,10,2220,699,188
graphvar/2013_BIO_LK1_07_W_11P.xml,2013,BIO,W,11,2082,577,198
graphvar/2013_BIO_LK1_09_M_05P.xml,2013,BIO,M,5,1111,378,146
graphvar/2013_BIO_LK1_10_W_07P.xml,2013,BIO,W,7,1725,536,232
graphvar/2013_BIO_LK1_11_M_10P.xml,2013,BIO,M,10,2082,555,134
graphvar/2013_BIO_LK1_12_M_10P.xml,2013,BIO,M,10,2466,634,192
graphvar/2013_DE_GK1_01_W_11P.xml,2013,DE,W,11,1735,585,137
graphvar/2013_DE_GK1_02_M_08P.xml,2013,DE,M,8,1389,430,137
graphvar/2013_DE_GK1_03_W_08P.xml,2013,DE,W,8,1557,476,107
graphvar/2013_DE_GK1_04_W_10P.xml,2013,DE,W,10,1827,572,151
graphvar/2013_DE_GK2_01_W_08P.xml,2013,DE,W,8,1511,532,102
graphvar/2013_DE_GK2_02_W_05P.xml,2013,DE,W,5,1516,459,153
graphvar/2013_DE_GK2_03_W_03P.xml,2013,DE,W,3,1777,597,174
graphvar/2013_DE_GK2_04_W_10P.xml,2013,DE,W,10,1183,407,93
graphvar/2013_DE_GK2_05_M_07P.xml,2013,DE,M,7,1335,496,166
graphvar/2013_DE_GK2_06_W_08P.xml,2013,DE,W,8,2083,606,151
graphvar/2013_DE_GK3_01_W_14P.xml,2013,DE,W,14,2168,633,223
graphvar/2013_DE_GK4_01_W_06P.xml,2013,DE,W,6,1616,514,175
graphvar/2013_DE_GK4_02_W_08P.xml,2013,DE,W,8,1463,458,125
graphvar/2013_DE_GK4_03_W_12P.xml,2013,DE,W,12,1551,542,104
graphvar/2013_DE_LK1_01_W_10P.xml,2013,DE,W,10,2169,705,188
graphvar/2013_DE_LK1_02_W_10P.xml,2013,DE,W,10,2189,569,167
graphvar/2013_DE_LK1_03_W_08P.xml,2013,DE,W,8,2019,595,171
graphvar/2013_DE_LK1_04_W_15P.xml,2013,DE,W,15,2073,653,116
graphvar/2013_DE_LK1_05_M_11P.xml,2013,DE,M,11,1421,500,164
graphvar/2013_DE_LK1_06_W_07P.xml,2013,DE,W,7,1213,465,98
graphvar/2013_DE_LK1_07_W_07P.xml,2013,DE,W,7,2187,719,214
graphvar/2013_DE_LK1_08_W_10P.xml,2013,DE,W,10,1643,512,161
graphvar/2013_DE_LK1_09_W_10P.xml,2013,DE,W,10,1853,586,120
graphvar/2013_DE_LK1_10_W_07P.xml,2013,DE,W,7,1521,511,99
graphvar/2013_DE_LK1_12_W_07P.xml,2013,DE,W,7,1710,504,193
graphvar/2013_DE_LK1_13_M_07P.xml,2013,DE,M,7,1242,492,154
graphvar/2013_DE_LK1_14_W_12P.xml,2013,DE,W,12,1859,638,131
graphvar/2013_DE_LK1_15_W_10P.xml,2013,DE,W,10,1519,538,179
graphvar/2013_DE_LK1_16_W_05P.xml,2013,DE,W,5,1101,415,174
graphvar/2013_DE_LK2_01_W_04P.xml,2013,DE,W,4,1616,517,171
graphvar/2013_DE_LK2_02_M_07P.xml,2013,DE,M,7,1946,562,124
graphvar/2013_DE_LK2_03_W_08P.xml,2013,DE,W,8,1632,510,199
graphvar/2013_DE_LK2_04_M_05P.xml,2013,DE,M,5,1320,469,58
graphvar/2013_DE_LK2_05_W_09P.xml,2013,DE,W,9,1900,534,178
graphvar/2013_DE_LK2_06_W_10P.xml,2013,DE,W,10,2165,674,116
graphvar/2013_DE_LK2_08_W_11P.xml,2013,DE,W,11,2194,583,170
graphvar/2013_DE_LK2_09_W_05P.xml,2013,DE,W,5,1534,485,140
graphvar/2013_DE_LK2_10_M_06P.xml,2013,DE,M,6,1924,583,175
graphvar/2013_DE_LK2_11_W_13P.xml,2013,DE,W,13,2195,650,198
graphvar/2013_DE_LK2_12_W_12P.xml,2013,DE,W,12,2308,698,206
graphvar/2013_DE_LK2_14_M_07P.xml,2013,DE,M,7,1632,596,112
graphvar/2013_DE_LK2_16_M_10P.xml,2013,DE,M,10,2093,554,238
graphvar/2013_DE_LK3_01_W_10P.xml,2013,DE,W,10,2364,745,144
graphvar/2013_DE_LK3_02_W_05P.xml,2013,DE,W,5,1068,363,91
graphvar/2013_DE_LK3_03_M_05P.xml,2013,DE,M,5,1389,434,119
graphvar/2013_DE_LK3_04_W_03P.xml,2013,DE,W,3,1792,531,139
graphvar/2013_DE_LK3_05_W_14P.xml,2013,DE,W,14,1737,486,169
graphvar/2013_DE_LK3_06_W_03P.xml,2013,DE,W,3,1911,563,189
graphvar/2013_DE_LK3_07_W_09P.xml,2013,DE,W,9,2243,661,157
graphvar/2013_DE_LK3_08_M_11P.xml,2013,DE,M,11,1760,526,102
graphvar/2013_DE_LK3_09_W_12P.xml,2013,DE,W,12,2174,769,119
graphvar/2013_DE_LK3_10_W_09P.xml,2013,DE,W,9,2026,580,190
graphvar/2013_DE_LK3_11_W_09P.xml,2013,DE,W,9,1396,433,125
graphvar/2013_DE_LK3_12_W_04P.xml,2013,DE,W,4,2163,678,178
graphvar/2013_DE_LK3_13_M_07P.xml,2013,DE,M,7,1700,559,145
graphvar/2013_DE_LK3_14_M_05P.xml,2013,DE,M,5,1761,519,119
graphvar/2013_DE_LK3_15_W_05P.xml,2013,DE,W,5,1579,554,96
graphvar/2013_GE_LK1_01_W_03P.xml,2013,GE,W,3,1545,571,245
graphvar/2013_GE_LK1_02_M_06P.xml,2013,GE,M,6,1363,501,107
graphvar/2013_GE_LK1_03_M_10P.xml,2013,GE,M,10,2321,651,240
graphvar/2013_GE_LK1_04_W_07P.xml,2013,GE,W,7,2315,835,132
graphvar/2013_GE_LK1_05_M_04P.xml,2013,GE,M,4,1174,468,75
graphvar/2013_GE_LK1_06_M_12P.xml,2013,GE,M,12,1871,661,115
graphvar/2013_GE_LK1_07_M_04P.xml,2013,GE,M,4,1840,570,99
graphvar/2013_GE_LK1_08_W_09P.xml,2013,GE,W,9,2380,845,96
graphvar/2013_GE_LK1_13_W_04P.xml,2013,GE,W,4,1722,487,124
graphvar/2013_GE_LK1_14_W_11P.xml,2013,GE,W,11,2113,711,112
graphvar/2018_BIO_GK1_01_W_03P.xml,2018,BIO,W,3,1291,410,44
graphvar/2018_BIO_GK1_03_W_12P.xml,2018,BIO,W,12,1056,387,10
graphvar/2018_BIO_GK1_04_M_10P.xml,2018,BIO,M,10,1526,475,1
graphvar/2018_BIO_GK1_05_W_09P.xml,2018,BIO,W,9,2339,563,26
graphvar/2018_BIO_GK1_06_W_11P.xml,2018,BIO,W,11,1499,431,12
graphvar/2018_BIO_GK1_07_W_13P.xml,2018,BIO,W,13,1375,416,13
graphvar/2018_BIO_GK1_08_W_06P.xml,2018,BIO,W,6,1617,432,29
graphvar/2018_BIO_GK2_02_W_09P.xml,2018,BIO,W,9,1314,412,13
graphvar/2018_BIO_GK2_03_M_11P.xml,2018,BIO,M,11,1553,497,21
graphvar/2018_BIO_GK2_04_W_09P.xml,2018,BIO,W,9,1324,377,9
graphvar/2018_BIO_GK2_05_M_06P.xml,2018,BIO,M,6,1752,411,33
graphvar/2018_BIO_GK2_06_W_05P.xml,2018,BIO,W,5,1031,354,14
graphvar/2018_BIO_GK2_08_W_13P.xml,2018,BIO,W,13,1411,507,10
graphvar/2018_BIO_GK2_09_W_03P.xml,2018,BIO,W,3,1501,397,12
graphvar/2018_BIO_GK3_02_M_09P.xml,2018,BIO,M,9,1342,454,45
graphvar/2018_BIO_GK3_03_W_09P.xml,2018,BIO,W,9,1717,472,46
graphvar/2018_BIO_GK3_04_M_07P.xml,2018,BIO,M,7,1432,415,31
graphvar/2018_BIO_GK3_05_W_10P.xml,2018,BIO,W,10,1546,464,30
graphvar/2018_BIO_LK1_01_M_06P.xml,2018,BIO,M,6,2091,510,53
graphvar/2018_BIO_LK1_02_M_06P.xml,2018,BIO,M,6,2396,598,67
graphvar/2018_BIO_LK1_04_M_04P.xml,2018,BIO,M,4,1613,517,32
graphvar/2018_BIO_LK1_05_M_04P.xml,2018,BIO,M,4,1668,518,75
graphvar/2018_BIO_LK1_06_M_02P.xml,2018,BIO,M,2,1807,426,100
graphvar/2018_BIO_LK1_07_W_06P.xml,2018,BIO,W,6,2416,595,42
graphvar/2018_BIO_LK1_08_M_06P.xml,2018,BIO,M,6,1569,464,44
graphvar/2018_BIO_LK1_09_M_05P.xml,2018,BIO,M,5,1946,522,86
graphvar/2018_BIO_LK1_11_W_08P.xml,2018,BIO,W,8,2189,535,17
graphvar/2018_BIO_LK1_12_W_08P.xml,2018,BIO,W,8,1780,517,42
graphvar/2018_BIO_LK1_13_M_04P.xml,2018,BIO,M,4,1521,402,29
graphvar/2018_BIO_LK1_14_M_09P.xml,2018,BIO,M,9,2202,609,52
graphvar/2018_BIO_LK1_17_M_10P.xml,2018,BIO,M,10,1972,609,27
graphvar/2018_BIO_LK1_18_W_07P.xml,2018,BIO,W,7,1619,468,14
graphvar/2018_BIO_LK1_19_M_07P.xml,2018,BIO,M,7,2151,631,25
graphvar/2018_BIO_LK2_01_W_06P.xml,2018,BIO,W,6,1725,562,45
graphvar/2018_BIO_LK2_02_M_06P.xml,2018,BIO,M,6,2125,506,37
graphvar/2018_BIO_LK2_03_M_02P.xml,2018,BIO,M,2,1286,369,39
graphvar/2018_BIO_LK2_04_M_06P.xml,2018,BIO,M,6,1887,516,38
graphvar/2018_BIO_LK2_05_M_08P.xml,2018,BIO,M,8,2237,531,38
graphvar/2018_BIO_LK2_06_M_12P.xml,2018,BIO,M,12,2157,519,69
graphvar/2018_BIO_LK2_07_M_05P.xml,2018,BIO,M,5,1845,527,50
graphvar/2018_BIO_LK2_08_W_07P.xml,2018,BIO,W,7,1835,556,44
graphvar/2018_BIO_LK2_09_W_05P.xml,2018,BIO,W,5,1676,466,23
graphvar/2018_BIO_LK2_10_M_08P.xml,2018,BIO,M,8,2462,740,91
graphvar/2018_BIO_LK2_11_W_10P.xml,2018,BIO,W,10,2253,628,57
graphvar/2018_BIO_LK2_12_W_07P.xml,2018,BIO,W,7,2189,519,40
graphvar/2018_BIO_LK2_13_W_08P.xml,2018,BIO,W,8,1869,460,46
graphvar/2018_BIO_LK2_14_M_03P.xml,2018,BIO,M,3,1691,502,27
graphvar/2018_BIO_LK2_15_W_09P.xml,2018,BIO,W,9,2095,508,51
graphvar/2018_BIO_LK2_16_M_05P.xml,2018,BIO,M,5,1428,435,60
graphvar/2018_BIO_LK2_17_W_12P.xml,2018,BIO,W,12,1822,522,30
graphvar/2018_BIO_LK2_18_W_06P.xml,2018,BIO,W,6,1703,502,34
graphvar/2018_BIO_LK2_19_M_08P.xml,2018,BIO,M,8,2068,523,50
graphvar/2018_BIO_LK2_20_M_07P.xml,2018,BIO,M,7,1738,475,34
graphvar/2018_DE_GK1_01_M_06P.xml,2018,DE,M,6,1485,443,70
graphvar/2018_DE_GK1_02_W_05P.xml,2018,DE,W,5,1536,464,84
graphvar/2018_DE_GK1_04_W_08P.xml,2018,DE,W,8,2123,530,91
graphvar/2018_DE_GK2_01_M_08P.xml,2018,DE,M,8,2031,520,123
graphvar/2018_DE_GK2_02_M_05P.xml,2018,DE,M,5,1230,375,77
graphvar/2018_DE_GK2_03_W_02P.xml,2018,DE,W,2,1513,445,101
graphvar/2018_DE_GK3_01_W_08P.xml,2018,DE,W,8,1071,303,52
graphvar/2018_DE_GK3_02_M_03P.xml,2018,DE,M,3,1408,415,33
graphvar/2018_DE_GK3_03_M_03P.xml,2018,DE,M,3,1297,347,91
graphvar/2018_DE_GK3_04_M_03P.xml,2018,DE,M,3,1297,339,58
graphvar/2018_DE_LK1_01_W_01P.xml,2018,DE,W,1,1784,470,71
graphvar/2018_DE_LK1_02_W_06P.xml,2018,DE,W,6,1843,471,82
graphvar/2018_DE_LK1_03_W_11P.xml,2018,DE,W,11,2159,457,33
graphvar/2018_DE_LK1_04_W_03P.xml,2018,DE,W,3,1657,396,103
graphvar/2018_DE_LK1_05_W_10P.xml,2018,DE,W,10,1940,444,27
graphvar/2018_DE_LK1_06_W_05P.xml,2018,DE,W,5,2092,477,44
graphvar/2018_DE_LK1_07_W_14P.xml,2018,DE,W,14,2129,487,21
graphvar/2018_DE_LK1_08_W_15P.xml,2018,DE,W,15,2274,602,17
graphvar/2018_DE_LK1_09_W_12P.xml,2018,DE,W,12,1549,473,32
graphvar/2018_DE_LK1_10_W_06P.xml,2018,DE,W,6,2252,486,64
graphvar/2018_DE_LK1_11_W_08P.xml,2018,DE,W,8,2360,442,27
graphvar/2018_DE_LK1_12_W_07P.xml,2018,DE,W,7,2116,463,60
graphvar/2018_DE_LK1_14_W_06P.xml,2018,DE,W,6,2347,481,53
graphvar/2018_DE_LK1_15_W_03P.xml,2018,DE,W,3,1919,489,80
graphvar/2018_DE_LK1_16_M_06P.xml,2018,DE,M,6,1806,448,128
graphvar/2018_DE_LK1_17_W_06P.xml,2018,DE,W,6,1786,444,60
graphvar/2018_DE_LK1_18_W_01P.xml,2018,DE,W,1,2060,497,122
graphvar/2018_DE_LK2_01_W_13P.xml,2018,DE,W,13,2283,557,21
graphvar/2018_DE_LK2_02_M_03P.xml,2018,DE,M,3,1986,498,182
graphvar/2018_DE_LK2_03_W_10P.xml,2018,DE,W,10,1679,439,54
graphvar/2018_DE_LK2_04_W_08P.xml,2018,DE,W,8,1572,445,33
graphvar/2018_DE_LK2_05_W_03P.xml,2018,DE,W,3,1950,552,51
graphvar/2018_DE_LK2_06_W_09P.xml,2018,DE,W,9,2009,491,24
graphvar/2018_DE_LK2_08_W_08P.xml,2018,DE,W,8,2012,561,81
graphvar/2018_DE_LK2_10_W_11P.xml,2018,DE,W,11,1232,349,18
graphvar/2018_DE_LK2_11_W_07P.xml,2018,DE,W,7,1957,501,82
graphvar/2018_DE_LK2_12_W_14P.xml,2018,DE,W,14,2146,575,27
graphvar/2018_DE_LK2_13_W_08P.xml,2018,DE,W,8,2242,584,53
graphvar/2018_DE_LK2_14_W_09P.xml,2018,DE,W,9,1778,513,22
graphvar/2018_DE_LK2_15_W_08P.xml,2018,DE,W,8,2336,556,60
graphvar/2018_DE_LK2_16_W_08P.xml,2018,DE,W,8,1569,447,19
graphvar/2018_DE_LK2_17_W_11P.xml,2018,DE,W,11,1852,506,11
graphvar/2018_DE_LK2_18_W_07P.xml,2018,DE,W,7,1406,414,30
graphvar/2018_DE_LK2_19_W_10P.xml,2018,DE,W,10,2005,557,96
graphvar/2018_DE_LK2_20_W_09P.xml,2018,DE,W,9,1688,390,33
graphvar/2018_DE_LK3_01_M_05P.xml,2018,DE,M,5,1745,435,61
graphvar/2018_DE_LK3_02_W_04P.xml,2018,DE,W,4,2211,557,102
graphvar/2018_DE_LK3_03_W_07P.xml,2018,DE,W,7,1123,397,25
graphvar/2018_DE_LK3_04_W_07P.xml,2018,DE,W,7,1196,381,50
graphvar/2018_DE_LK3_06_M_11P.xml,2018,DE,M,11,2351,617,41
graphvar/2018_DE_LK3_07_W_10P.xml,2018,DE,W,10,2039,497,79
graphvar/2018_DE_LK3_08_M_10P.xml,2018,DE,M,10,1406,419,53
graphvar/2018_DE_LK3_09_M_09P.xml,2018,DE,M,9,1298,426,48
graphvar/2018_DE_LK3_10_M_07P.xml,2018,DE,M,7,2038,510,107
graphvar/2018_DE_LK3_11_M_05P.xml,2018,DE,M,5,2064,527,153
graphvar/2018_DE_LK3_12_M_15P.xml,2018,DE,M,15,1754,508,41
graphvar/2018_DE_LK3_13_M_12P.xml,2018,DE,M,12,1878,454,114
graphvar/2018_DE_LK3_14_W_03P.xml,2018,DE,W,3,2177,537,75
graphvar/2018_DE_LK3_15_M_13P.xml,2018,DE,M,13,1989,647,47
graphvar/2018_DE_LK3_16_W_15P.xml,2018,DE,W,15,2311,630,52
graphvar/2018_DE_LK4_01_W_07P.xml,2018,DE,W,7,1366,424,39
graphvar/2018_DE_LK4_02_W_03P.xml,2018,DE,W,3,1760,435,122
graphvar/2018_DE_LK4_03_W_08P.xml,2018,DE,W,8,1271,438,48
graphvar/2018_DE_LK4_04_W_07P.xml,2018,DE,W,7,1991,478,73
graphvar/2018_DE_LK4_05_W_08P.xml,2018,DE,W,8,1383,435,57
graphvar/2018_DE_LK4_06_W_08P.xml,2018,DE,W,8,2154,560,98
graphvar/2018_DE_LK4_08_M_09P.xml,2018,DE,M,9,1805,582,51
graphvar/2018_DE_LK4_09_M_03P.xml,2018,DE,M,3,1281,424,67
graphvar/2018_DE_LK4_10_M_06P.xml,2018,DE,M,6,2174,556,111
graphvar/2018_DE_LK4_11_W_11P.xml,2018,DE,W,11,1912,458,50
graphvar/2018_DE_LK4_12_W_07P.xml,2018,DE,W,7,1241,451,45
graphvar/2018_DE_LK4_13_M_08P.xml,2018,DE,M,8,1729,529,66
graphvar/2018_DE_LK4_15_M_06P.xml,2018,DE,M,6,1797,588,76
graphvar/2018_DE_LK4_16_W_06P.xml,2018,DE,W,6,1177,389,57
graphvar/2018_DE_LK4_17_M_06P.xml,2018,DE,M,6,1607,464,48
graphvar/2018_DE_LK4_18_M_05P.xml,2018,DE,M,5,1367,461,51
graphvar/2018_GE_GK1_01_W_06P.xml,2018,GE,W,6,1024,421,38
graphvar/2018_GE_LK1_01_M_06P.xml,2018,GE,M,6,1159,414,78
graphvar/2018_GE_LK1_02_W_05P.xml,2018,GE,W,5,1210,413,77
graphvar/2018_GE_LK1_03_M_06P.xml,2018,GE,M,6,1793,504,227
graphvar/2018_GE_LK1_04_W_12P.xml,2018,GE,W,12,1577,445,39
graphvar/2018_GE_LK1_05_M_08P.xml,2018,GE,M,8,1542,482,91
graphvar/2018_GE_LK1_06_M_07P.xml,2018,GE,M,7,1306,472,132
graphvar/2018_GE_LK1_07_M_09P.xml,2018,GE,M,9,1332,427,78
graphvar/2018_GE_LK1_08_W_04P.xml,2018,GE,W,4,1427,482,59
graphvar/2018_GE_LK1_09_M_06P.xml,2018,GE,M,6,1681,472,193
graphvar/2018_GE_LK1_10_M_04P.xml,2018,GE,M,4,1562,505,123
graphvar/2018_GE_LK1_11_W_05P.xml,2018,GE,W,5,2054,568,52
graphvar/2018_GE_LK1_12_M_11P.xml,2018,GE,M,11,2094,673,42
graphvar/2018_GE_LK1_13_W_05P.xml,2018,GE,W,5,1240,476,62
graphvar/2018_GE_LK1_14_W_03P.xml,2018,GE,W,3,1815,569,111
graphvar/2018_GE_LK1_15_W_04P.xml,2018,GE,W,4,1660,473,78
graphvar/2018_GE_LK2_02_W_05P.xml,2018,GE,W,5,1842,489,43
graphvar/2018_GE_LK2_03_M_05P.xml,2018,GE,M,5,2232,687,81
graphvar/2018_GE_LK2_04_M_05P.xml,2018,GE,M,5,2488,767,133
graphvar/2018_GE_LK2_06_M_07P.xml,2018,GE,M,7,2278,683,128
graphvar/2018_GE_LK2_07_W_06P.xml,2018,GE,W,6,1646,501,95
graphvar/2018_GE_LK2_08_M_05P.xml,2018,GE,M,5,1711,575,89
graphvar/2018_GE_LK2_09_W_06P.xml,2018,GE,W,6,2266,648,151
graphvar/2018_GE_LK2_10_M_08P.xml,2018,GE,M,8,2398,714,123
graphvar/2018_GE_LK2_11_W_06P.xml,2018,GE,W,6,1468,433,60
graphvar/2018_GE_LK2_12_W_05P.xml,2018,GE,W,5,1756,552,76
graphvar/2018_GE_LK2_13_M_04P.xml,2018,GE,M,4,1793,523,82
graphvar/2018_GE_LK2_14_M_07P.xml,2018,GE,M,7,1966,583,96
graphvar/2018_GE_LK2_15_W_05P.xml,2018,GE,W,5,1129,405,68
graphvar/2018_GE_LK2_16_W_03P.xml,2018,GE,W,3,2200,664,225
